{
  "genotypes": [
    "Gadus morhua c2_n180",
    "Gadus morhua c1_n304"
  ],
  "locations": {
    "Gadus morhua c2_n180": {
      "latitudes": [
        42.08,
        54.37,
        54.37,
        54.37,
        54.37,
        60.37,
        60.37,
        60.37,
        60.37,
        57.899,
        57.899,
        57.899,
        56.628,
        79.183,
        78.15,
        76.245,
        77.48,
        77.48,
        53.23,
        50.36,
        55.16,
        55.16,
        55.11183,
        55.11183,
        56.1065,
        55.6655,
        55.705166,
        56.357334,
        56.357334,
        56.599334999999996,
        56.136333,
        56.6515,
        56.6515,
        56.6515,
        56.4025,
        57.7025,
        57.707333,
        59.09667,
        59.09667,
        59.09667,
        59.105167,
        59.105167,
        58.609,
        58.609,
        58.252666,
        58.252666,
        58.252666,
        58.106167,
        58.106167,
        58.106167,
        58.106167,
        57.716667,
        57.716667,
        57.716667,
        57.716667,
        57.716667,
        57.716667,
        57.411835,
        57.411835,
        57.38933,
        57.398335,
        57.398335,
        57.585335,
        58.2511,
        58.8667,
        65.28,
        72.61,
        72.61,
        72.61,
        72.61,
        72.61,
        62.81,
        65.28,
        43.324,
        43.505,
        43.45,
        43.761,
        44.167,
        43.839,
        44.169,
        44.16,
        51.0342,
        58.113,
        43.44,
        42.51,
        42.64,
        43.18,
        41.93,
        43.45,
        43.45,
        48.4,
        41.396,
        44.065,
        43.733,
        44.065,
        43.444,
        42.122,
        47.51,
        43.504,
        43.504,
        41.483
      ],
      "longitudes": [
        -70.06,
        7.088,
        7.088,
        7.088,
        7.088,
        2.478,
        2.478,
        2.478,
        2.478,
        0.916,
        0.916,
        0.916,
        5.301,
        8.917,
        9.533,
        -9.055,
        -5.827,
        -5.827,
        -3.37,
        -2.55,
        -1.15,
        -1.15,
        6.428667,
        6.428667,
        6.4995,
        6.215667,
        5.819833,
        5.627167,
        5.627167,
        5.180167,
        4.675167,
        4.816667,
        4.816667,
        4.816667,
        3.835833,
        -0.209,
        0.186667,
        -1.591333,
        -1.591333,
        -1.591333,
        -0.800167,
        -0.800167,
        1.165167,
        1.165167,
        3.496833,
        3.496833,
        3.496833,
        2.837333,
        2.837333,
        2.837333,
        2.837333,
        3.163667,
        3.163667,
        3.163667,
        3.163667,
        3.163667,
        3.163667,
        3.281667,
        3.281667,
        2.557833,
        1.804333,
        1.804333,
        1.1865,
        11.4642,
        11.1497,
        -33.45,
        -54.98,
        -54.98,
        -54.98,
        -54.98,
        -54.98,
        -50.98,
        -33.45,
        -79.83,
        -79.152,
        -79.18,
        -79.326,
        -77.357,
        -79.251,
        -77.353,
        -77.35,
        -114.193,
        8.126,
        -62.45,
        -64.78,
        -65.91,
        -64.14,
        -65.81,
        -62.41,
        -62.41,
        -58.85,
        -66.551,
        -60.895,
        -61.541,
        -60.895,
        -62.451,
        -66.917,
        -61.013,
        -70.294,
        -70.294,
        -69.45
      ],
      "sizes": [
        1,
        4,
        4,
        4,
        4,
        4,
        4,
        4,
        4,
        3,
        3,
        3,
        1,
        1,
        1,
        1,
        2,
        2,
        1,
        1,
        2,
        2,
        2,
        2,
        1,
        1,
        1,
        2,
        2,
        1,
        1,
        3,
        3,
        3,
        1,
        1,
        1,
        3,
        3,
        3,
        2,
        2,
        2,
        2,
        3,
        3,
        3,
        4,
        4,
        4,
        4,
        6,
        6,
        6,
        6,
        6,
        6,
        2,
        2,
        1,
        2,
        2,
        1,
        1,
        1,
        2,
        5,
        5,
        5,
        5,
        5,
        1,
        2,
        1,
        1,
        1,
        1,
        1,
        1,
        1,
        1,
        1,
        1,
        1,
        1,
        1,
        1,
        1,
        2,
        2,
        1,
        1,
        2,
        1,
        2,
        1,
        1,
        1,
        2,
        2,
        1
      ],
      "ocean_basins": [
        "North Atlantic Ocean",
        "North Atlantic Ocean",
        "North Atlantic Ocean",
        "North Atlantic Ocean",
        "North Atlantic Ocean",
        "North Atlantic Ocean",
        "North Atlantic Ocean",
        "North Atlantic Ocean",
        "North Atlantic Ocean",
        "North Atlantic Ocean",
        "North Atlantic Ocean",
        "North Atlantic Ocean",
        "North Atlantic Ocean",
        "Arctic Ocean",
        "Arctic Ocean",
        "Arctic Ocean",
        "Arctic Ocean",
        "Arctic Ocean",
        "Unknown",
        "North Atlantic Ocean",
        "North Atlantic Ocean",
        "North Atlantic Ocean",
        "North Atlantic Ocean",
        "North Atlantic Ocean",
        "North Atlantic Ocean",
        "North Atlantic Ocean",
        "North Atlantic Ocean",
        "North Atlantic Ocean",
        "North Atlantic Ocean",
        "North Atlantic Ocean",
        "North Atlantic Ocean",
        "North Atlantic Ocean",
        "North Atlantic Ocean",
        "North Atlantic Ocean",
        "North Atlantic Ocean",
        "North Atlantic Ocean",
        "North Atlantic Ocean",
        "North Atlantic Ocean",
        "North Atlantic Ocean",
        "North Atlantic Ocean",
        "North Atlantic Ocean",
        "North Atlantic Ocean",
        "North Atlantic Ocean",
        "North Atlantic Ocean",
        "North Atlantic Ocean",
        "North Atlantic Ocean",
        "North Atlantic Ocean",
        "North Atlantic Ocean",
        "North Atlantic Ocean",
        "North Atlantic Ocean",
        "North Atlantic Ocean",
        "North Atlantic Ocean",
        "North Atlantic Ocean",
        "North Atlantic Ocean",
        "North Atlantic Ocean",
        "North Atlantic Ocean",
        "North Atlantic Ocean",
        "North Atlantic Ocean",
        "North Atlantic Ocean",
        "North Atlantic Ocean",
        "North Atlantic Ocean",
        "North Atlantic Ocean",
        "North Atlantic Ocean",
        "North Atlantic Ocean",
        "North Atlantic Ocean",
        "North Atlantic Ocean",
        "Arctic Ocean",
        "Arctic Ocean",
        "Arctic Ocean",
        "Arctic Ocean",
        "Arctic Ocean",
        "Arctic Ocean",
        "North Atlantic Ocean",
        "Unknown",
        "Unknown",
        "Unknown",
        "Unknown",
        "Unknown",
        "Unknown",
        "Unknown",
        "Unknown",
        "Unknown",
        "North Atlantic Ocean",
        "North Atlantic Ocean",
        "North Atlantic Ocean",
        "North Atlantic Ocean",
        "North Atlantic Ocean",
        "North Atlantic Ocean",
        "North Atlantic Ocean",
        "North Atlantic Ocean",
        "North Atlantic Ocean",
        "North Atlantic Ocean",
        "North Atlantic Ocean",
        "North Atlantic Ocean",
        "North Atlantic Ocean",
        "North Atlantic Ocean",
        "North Atlantic Ocean",
        "North Atlantic Ocean",
        "North Atlantic Ocean",
        "North Atlantic Ocean",
        "North Atlantic Ocean"
      ]
    },
    "Gadus morhua c1_n304": {
      "latitudes": [
        69.96
      ],
      "longitudes": [
        19.62
      ],
      "sizes": [
        1
      ],
      "ocean_basins": [
        "Arctic Ocean"
      ]
    }
  },